timestamp,episode,step,elapsed,state,action,reward,done,success
1771366879.9920201,1,1,0.03699374198913574,"[-0.48842164874076843, -0.00026531785260885954]",1,-1.0,False,False
1771366880.0513167,1,2,0.09629034996032715,"[-0.48895028233528137, -0.0005286569939926267]",1,-1.0,False,False
1771366880.1151319,1,3,0.16010546684265137,"[-0.4897383451461792, -0.0007880529155954719]",1,-1.0,False,False
1771366880.181574,1,4,0.2265477180480957,"[-0.49077990651130676, -0.0010415696306154132]",1,-1.0,False,False
1771366880.2452407,1,5,0.29021430015563965,"[-0.49206721782684326, -0.0012873136438429356]",1,-1.0,False,False
1771366880.308464,1,6,0.3534376621246338,"[-0.49359068274497986, -0.0015234476886689663]",1,-1.0,False,False
1771366880.372036,1,7,0.4170095920562744,"[-0.49533888697624207, -0.0017482045805081725]",1,-1.0,False,False
1771366880.429991,1,8,0.47496461868286133,"[-0.4972987771034241, -0.0019598999060690403]",1,-1.0,False,False
1771366880.4954188,1,9,0.5403923988342285,"[-0.4994557201862335, -0.0021569454111158848]",1,-1.0,False,False
1771366880.553498,1,10,0.5984716415405273,"[-0.5017935633659363, -0.002337859943509102]",1,-1.0,False,False
1771366880.6144876,1,11,0.659461259841919,"[-0.5032948851585388, -0.001501282211393118]",2,-1.0,False,False
1771366880.6821694,1,12,0.7271430492401123,"[-0.5039483308792114, -0.0006534674321301281]",2,-1.0,False,False
1771366880.743649,1,13,0.7886226177215576,"[-0.5037490725517273, 0.00019923961372114718]",2,-1.0,False,False
1771366880.8059914,1,14,0.8509650230407715,"[-0.5026986598968506, 0.001050455030053854]",2,-1.0,False,False
1771366880.867555,1,15,0.9125285148620605,"[-0.5008048415184021, 0.0018938066205009818]",2,-1.0,False,False
1771366880.9260075,1,16,0.9709811210632324,"[-0.49808186292648315, 0.0027229853440076113]",2,-1.0,False,False
1771366880.9933028,1,17,1.0382764339447021,"[-0.49455004930496216, 0.0035317952279001474]",2,-1.0,False,False
1771366881.056156,1,18,1.1011295318603516,"[-0.490235835313797, 0.00431420560926199]",2,-1.0,False,False
1771366881.1139364,1,19,1.1589100360870361,"[-0.48517143726348877, 0.005064400844275951]",2,-1.0,False,False
1771366881.1786969,1,20,1.223670482635498,"[-0.4793946146965027, 0.005776834208518267]",2,-1.0,False,False
1771366881.2371004,1,21,1.282073974609375,"[-0.4729483425617218, 0.006446273531764746]",2,-1.0,False,False
1771366881.3042247,1,22,1.349198341369629,"[-0.46588048338890076, 0.0070678554475307465]",2,-1.0,False,False
1771366881.3632443,1,23,1.4082179069519043,"[-0.45824334025382996, 0.007637128233909607]",2,-1.0,False,False
1771366881.427699,1,24,1.472672700881958,"[-0.45009326934814453, 0.008150096982717514]",2,-1.0,False,False
1771366881.492121,1,25,1.5370945930480957,"[-0.4414899945259094, 0.008603262715041637]",2,-1.0,False,False
1771366881.5548265,1,26,1.5998001098632812,"[-0.4324963390827179, 0.008993655443191528]",2,-1.0,False,False
1771366881.6175964,1,27,1.6625699996948242,"[-0.42317748069763184, 0.009318862110376358]",2,-1.0,False,False
1771366881.6764455,1,28,1.721419095993042,"[-0.41360044479370117, 0.009577043354511261]",2,-1.0,False,False
1771366881.7414587,1,29,1.7864322662353516,"[-0.4038334786891937, 0.009766947478055954]",2,-1.0,False,False
1771366881.8008277,1,30,1.8458013534545898,"[-0.393945574760437, 0.009887909516692162]",2,-1.0,False,False
1771366881.8653674,1,31,1.9103410243988037,"[-0.38400572538375854, 0.009939844720065594]",2,-1.0,False,False
1771366881.9247196,1,32,1.9696931838989258,"[-0.3740825057029724, 0.009923231787979603]",2,-1.0,False,False
1771366881.99087,1,33,2.03584361076355,"[-0.36424341797828674, 0.00983908586204052]",2,-1.0,False,False
1771366882.0528955,1,34,2.0978691577911377,"[-0.3545544743537903, 0.009688928723335266]",2,-1.0,False,False
1771366882.1103635,1,35,2.15533709526062,"[-0.3450797498226166, 0.009474745951592922]",2,-1.0,False,False
1771366882.1768796,1,36,2.221853256225586,"[-0.3358807861804962, 0.009198945015668869]",2,-1.0,False,False
1771366882.2386577,1,37,2.2836313247680664,"[-0.3270165026187897, 0.008864305913448334]",2,-1.0,False,False
1771366882.3032997,1,38,2.348273277282715,"[-0.320542573928833, 0.006473929155617952]",0,-1.0,False,False
1771366882.3641653,1,39,2.4091389179229736,"[-0.31649908423423767, 0.004043464548885822]",0,-1.0,False,False
1771366882.4254632,1,40,2.4704368114471436,"[-0.3149108588695526, 0.0015882347943261266]",0,-1.0,False,False
1771366882.4871795,1,41,2.5321531295776367,"[-0.31578752398490906, -0.0008766641840338707]",0,-1.0,False,False
1771366882.548801,1,42,2.5937745571136475,"[-0.3191237449645996, -0.0033362300600856543]",0,-1.0,False,False
1771366882.611088,1,43,2.6560616493225098,"[-0.32489916682243347, -0.005775408819317818]",0,-1.0,False,False
1771366882.673562,1,44,2.7185356616973877,"[-0.3330781161785126, -0.00817895494401455]",0,-1.0,False,False
1771366882.735666,1,45,2.7806396484375,"[-0.34360945224761963, -0.010531321167945862]",0,-1.0,False,False
1771366882.7984238,1,46,2.843397378921509,"[-0.35642603039741516, -0.012816592119634151]",0,-1.0,False,False
1771366882.8607202,1,47,2.905693769454956,"[-0.3714445233345032, -0.015018485486507416]",0,-1.0,False,False
1771366882.9231052,1,48,2.968078851699829,"[-0.38856494426727295, -0.017120424658060074]",0,-1.0,False,False
1771366882.9847493,1,49,3.0297229290008545,"[-0.40767064690589905, -0.019105704501271248]",0,-1.0,False,False
1771366883.0439036,1,50,3.0888772010803223,"[-0.4286283850669861, -0.020957743749022484]",0,-1.0,False,False
1771366883.10313,1,51,3.148103713989258,"[-0.4512888193130493, -0.022660424932837486]",0,-1.0,False,False
1771366883.1718538,1,52,3.216827392578125,"[-0.4754873216152191, -0.0241985060274601]",0,-1.0,False,False
1771366883.2300363,1,53,3.275009870529175,"[-0.5010454058647156, -0.025558089837431908]",0,-1.0,False,False
1771366883.2966416,1,54,3.3416152000427246,"[-0.5277725458145142, -0.026727112010121346]",0,-1.0,False,False
1771366883.360385,1,55,3.4053585529327393,"[-0.5554683208465576, -0.027695808559656143]",0,-1.0,False,False
1771366883.4231784,1,56,3.4681520462036133,"[-0.5839254856109619, -0.028457151725888252]",0,-1.0,False,False
1771366883.4854803,1,57,3.53045392036438,"[-0.6129326820373535, -0.029007166624069214]",0,-1.0,False,False
1771366883.5450253,1,58,3.589998960494995,"[-0.6422778367996216, -0.029345154762268066]",0,-1.0,False,False
1771366883.6088943,1,59,3.6538679599761963,"[-0.6717515587806702, -0.029473748058080673]",0,-1.0,False,False
1771366883.673731,1,60,3.7187047004699707,"[-0.7011503577232361, -0.029398826882243156]",0,-1.0,False,False
1771366883.7371562,1,61,3.7821297645568848,"[-0.7302796244621277, -0.0291292704641819]",0,-1.0,False,False
1771366883.7938712,1,62,3.8388447761535645,"[-0.758956253528595, -0.0286765955388546]",0,-1.0,False,False
1771366883.8601048,1,63,3.905078411102295,"[-0.7870107293128967, -0.02805447019636631]",0,-1.0,False,False
1771366883.92388,1,64,3.968853712081909,"[-0.8142889142036438, -0.027278171852231026]",0,-1.0,False,False
1771366883.9863167,1,65,4.031290292739868,"[-0.8406528830528259, -0.02636401727795601]",0,-1.0,False,False
1771366884.0491612,1,66,4.09413480758667,"[-0.8659816980361938, -0.02532878890633583]",0,-1.0,False,False
1771366884.1107042,1,67,4.155677795410156,"[-0.8901709318161011, -0.024189218878746033]",0,-1.0,False,False
1771366884.1724572,1,68,4.217430830001831,"[-0.9131324291229248, -0.02296152338385582]",0,-1.0,False,False
1771366884.2339883,1,69,4.278961896896362,"[-0.9327934384346008, -0.019661013036966324]",2,-1.0,False,False
1771366884.2953622,1,70,4.340335845947266,"[-0.9491002559661865, -0.016306817531585693]",2,-1.0,False,False
1771366884.3597832,1,71,4.404756784439087,"[-0.9620145559310913, -0.012914297170937061]",2,-1.0,False,False
1771366884.4219625,1,72,4.466936111450195,"[-0.9715100526809692, -0.009495485574007034]",2,-1.0,False,False
1771366884.480937,1,73,4.5259106159210205,"[-0.9775696992874146, -0.006059655919671059]",2,-1.0,False,False
1771366884.5408962,1,74,4.585869789123535,"[-0.9801837205886841, -0.002613998483866453]",2,-1.0,False,False
1771366884.6073337,1,75,4.6523072719573975,"[-0.9793480634689331, 0.0008356493199244142]",2,-1.0,False,False
1771366884.673729,1,76,4.718702554702759,"[-0.9750640392303467, 0.004284037742763758]",2,-1.0,False,False
1771366884.7340856,1,77,4.779059171676636,"[-0.9673382639884949, 0.0077257296070456505]",2,-1.0,False,False
1771366884.7927527,1,78,4.837726354598999,"[-0.9561839699745178, 0.011154324747622013]",2,-1.0,False,False
1771366884.858874,1,79,4.903847694396973,"[-0.941622257232666, 0.014561713673174381]",2,-1.0,False,False
1771366884.9220817,1,80,4.967055320739746,"[-0.9236848950386047, 0.01793736405670643]",2,-1.0,False,False
1771366884.984139,1,81,5.0291125774383545,"[-0.9024171829223633, 0.021267695352435112]",2,-1.0,False,False
1771366885.0454836,1,82,5.090457201004028,"[-0.877881646156311, 0.024535564705729485]",2,-1.0,False,False
1771366885.1035058,1,83,5.148479461669922,"[-0.8501617312431335, 0.027719926089048386]",2,-1.0,False,False
1771366885.173287,1,84,5.2182605266571045,"[-0.8193659782409668, 0.030795736238360405]",2,-1.0,False,False
1771366885.2327576,1,85,5.27773118019104,"[-0.7856317758560181, 0.03373416140675545]",2,-1.0,False,False
1771366885.293935,1,86,5.338908672332764,"[-0.7491286396980286, 0.03650316596031189]",2,-1.0,False,False
1771366885.3520598,1,87,5.397033452987671,"[-0.7100601196289062, 0.03906851261854172]",2,-1.0,False,False
1771366885.419214,1,88,5.4641876220703125,"[-0.6686649322509766, 0.041395172476768494]",2,-1.0,False,False
1771366885.4810314,1,89,5.526005029678345,"[-0.6252158284187317, 0.043449148535728455]",2,-1.0,False,False
1771366885.5380018,1,90,5.582975387573242,"[-0.5800162553787231, 0.045199524611234665]",2,-1.0,False,False
1771366885.6053476,1,91,5.6503212451934814,"[-0.5333956480026245, 0.04662064090371132]",2,-1.0,False,False
1771366885.6703608,1,92,5.715334415435791,"[-0.4857015311717987, 0.04769410565495491]",2,-1.0,False,False
1771366885.7320826,1,93,5.7770562171936035,"[-0.43729105591773987, 0.04841049015522003]",2,-1.0,False,False
1771366885.7948184,1,94,5.839792013168335,"[-0.38852065801620483, 0.04877039045095444]",2,-1.0,False,False
1771366885.8555834,1,95,5.900557041168213,"[-0.33973586559295654, 0.048784803599119186]",2,-1.0,False,False
1771366885.917031,1,96,5.962004661560059,"[-0.29126113653182983, 0.04847469925880432]",2,-1.0,False,False
1771366885.980473,1,97,6.025446653366089,"[-0.2433912754058838, 0.04786987602710724]",2,-1.0,False,False
1771366886.0390677,1,98,6.084041357040405,"[-0.19638404250144958, 0.047007229179143906]",2,-1.0,False,False
1771366886.1043277,1,99,6.149301290512085,"[-0.15045534074306488, 0.045928698033094406]",2,-1.0,False,False
1771366886.169037,1,100,6.214010715484619,"[-0.10577628016471863, 0.04467906802892685]",2,-1.0,False,False
1771366886.23082,1,101,6.275793552398682,"[-0.0624723881483078, 0.04330388829112053]",2,-1.0,False,False
1771366886.292437,1,102,6.3374106884002686,"[-0.02062472328543663, 0.04184766486287117]",2,-1.0,False,False
1771366886.3709924,1,103,6.415966033935547,"[0.01972772739827633, 0.04035244882106781]",2,-1.0,False,False
1771366886.4330497,1,104,6.478023290634155,"[0.058584555983543396, 0.03885682672262192]",2,-1.0,False,False
1771366886.4936914,1,105,6.538665056228638,"[0.09597989171743393, 0.03739533945918083]",2,-1.0,False,False
1771366886.553966,1,106,6.598939657211304,"[0.13197815418243408, 0.03599826246500015]",2,-1.0,False,False
1771366886.6161003,1,107,6.661073923110962,"[0.1666698306798935, 0.03469167277216911]",2,-1.0,False,False
1771366886.6786764,1,108,6.723649978637695,"[0.20016755163669586, 0.03349772468209267]",2,-1.0,False,False
1771366886.736986,1,109,6.781959533691406,"[0.23260265588760376, 0.0324350968003273]",2,-1.0,False,False
1771366886.8030066,1,110,6.847980260848999,"[0.2641221284866333, 0.031519465148448944]",2,-1.0,False,False
1771366886.8680449,1,111,6.913018465042114,"[0.29488617181777954, 0.030764060094952583]",2,-1.0,False,False
1771366886.9322424,1,112,6.977216005325317,"[0.32506635785102844, 0.030180174857378006]",2,-1.0,False,False
1771366888.5930088,2,1,0.02494072914123535,"[-0.5946803092956543, 0.0015403657453134656]",2,-1.0,False,False
1771366888.6668644,2,2,0.09879636764526367,"[-0.591610848903656, 0.0030694459564983845]",2,-1.0,False,False
1771366888.7302914,2,3,0.16222333908081055,"[-0.5870348811149597, 0.004576005041599274]",2,-1.0,False,False
1771366888.7921731,2,4,0.2241051197052002,"[-0.580985963344574, 0.006048908922821283]",2,-1.0,False,False
1771366888.855323,2,5,0.28725504875183105,"[-0.5735087394714355, 0.007477189414203167]",2,-1.0,False,False
1771366888.9139128,2,6,0.34584474563598633,"[-0.5646586418151855, 0.008850117214024067]",2,-1.0,False,False
1771366888.97866,2,7,0.41059207916259766,"[-0.5545013546943665, 0.010157288052141666]",2,-1.0,False,False
1771366889.041403,2,8,0.47333502769470215,"[-0.5431126356124878, 0.011388725601136684]",2,-1.0,False,False
1771366889.0999982,2,9,0.5319302082061768,"[-0.5305776596069336, 0.01253499649465084]",2,-1.0,False,False
1771366889.1653807,2,10,0.5973126888275146,"[-0.5169903039932251, 0.01358733419328928]",2,-1.0,False,False
1771366889.2284253,2,11,0.6603572368621826,"[-0.502452552318573, 0.014537773095071316]",2,-1.0,False,False
1771366889.290947,2,12,0.7228789329528809,"[-0.48707324266433716, 0.015379282645881176]",2,-1.0,False,False
1771366889.3529136,2,13,0.7848455905914307,"[-0.4709673523902893, 0.01610589027404785]",2,-1.0,False,False
1771366889.415339,2,14,0.8472709655761719,"[-0.4542545676231384, 0.016712792217731476]",2,-1.0,False,False
1771366889.479007,2,15,0.9109389781951904,"[-0.43705812096595764, 0.017196454107761383]",2,-1.0,False,False
1771366889.5410955,2,16,0.9730274677276611,"[-0.41950345039367676, 0.017554664984345436]",2,-1.0,False,False
1771366889.6039274,2,17,1.0358593463897705,"[-0.40171685814857483, 0.017786577343940735]",2,-1.0,False,False
1771366889.6616695,2,18,1.0936014652252197,"[-0.3838241696357727, 0.01789269782602787]",2,-1.0,False,False
1771366889.728447,2,19,1.1603789329528809,"[-0.3659493327140808, 0.017874840646982193]",2,-1.0,False,False
1771366889.789908,2,20,1.2218399047851562,"[-0.3482132852077484, 0.017736056819558144]",2,-1.0,False,False
1771366889.853,2,21,1.2849318981170654,"[-0.3307327628135681, 0.017480524256825447]",2,-1.0,False,False
1771366889.9119194,2,22,1.3438513278961182,"[-0.31361934542655945, 0.017113396897912025]",2,-1.0,False,False
1771366889.9750953,2,23,1.407027244567871,"[-0.2979786992073059, 0.015640659257769585]",1,-1.0,False,False
1771366890.0382447,2,24,1.4701766967773438,"[-0.28390389680862427, 0.014074788428843021]",1,-1.0,False,False
1771366890.1002507,2,25,1.5321826934814453,"[-0.27247586846351624, 0.0114280479028821]",0,-1.0,False,False
1771366890.1621547,2,26,1.5940866470336914,"[-0.2637580633163452, 0.008717798627912998]",0,-1.0,False,False
1771366890.2234082,2,27,1.6553401947021484,"[-0.25779759883880615, 0.005960449576377869]",0,-1.0,False,False
1771366890.2854884,2,28,1.7174203395843506,"[-0.25462600588798523, 0.0031715878285467625]",0,-1.0,False,False
1771366890.347556,2,29,1.7794880867004395,"[-0.2542598247528076, 0.0003661905648186803]",0,-1.0,False,False
1771366890.4100103,2,30,1.841942310333252,"[-0.25670093297958374, -0.002441105432808399]",0,-1.0,False,False
1771366890.4712937,2,31,1.9032256603240967,"[-0.26193663477897644, -0.005235703196376562]",0,-1.0,False,False
1771366890.5292804,2,32,1.961212396621704,"[-0.2699393928050995, -0.008002742193639278]",0,-1.0,False,False
1771366890.597831,2,33,2.0297629833221436,"[-0.28066620230674744, -0.010726816952228546]",0,-1.0,False,False
1771366890.6620293,2,34,2.093961238861084,"[-0.2940579354763031, -0.013391750864684582]",0,-1.0,False,False
1771366890.7187483,2,35,2.1506803035736084,"[-0.31003838777542114, -0.0159804355353117]",0,-1.0,False,False
1771366890.7844098,2,36,2.216341733932495,"[-0.32851317524909973, -0.018474789336323738]",0,-1.0,False,False
1771366890.8465507,2,37,2.278482675552368,"[-0.34936898946762085, -0.020855823531746864]",0,-1.0,False,False
1771366890.9087782,2,38,2.340710163116455,"[-0.3724728524684906, -0.023103853687644005]",0,-1.0,False,False
1771366890.971416,2,39,2.403347969055176,"[-0.39767172932624817, -0.025198865681886673]",0,-1.0,False,False
1771366891.0302932,2,40,2.4622251987457275,"[-0.42479273676872253, -0.027121013030409813]",0,-1.0,False,False
1771366891.0960355,2,41,2.5279674530029297,"[-0.4536439776420593, -0.028851253911852837]",0,-1.0,False,False
1771366891.1562893,2,42,2.588221311569214,"[-0.4840160608291626, -0.030372072011232376]",0,-1.0,False,False
1771366891.2187238,2,43,2.650655746459961,"[-0.5156843066215515, -0.031668245792388916]",0,-1.0,False,False
1771366891.280349,2,44,2.7122809886932373,"[-0.5484119057655334, -0.032727599143981934]",0,-1.0,False,False
1771366891.342973,2,45,2.77490496635437,"[-0.5819535851478577, -0.03354167193174362]",0,-1.0,False,False
1771366891.4066215,2,46,2.8385534286499023,"[-0.6160598397254944, -0.03410624340176582]",0,-1.0,False,False
1771366891.4681554,2,47,2.900087356567383,"[-0.6504814624786377, -0.0344216451048851]",0,-1.0,False,False
1771366891.528537,2,48,2.9604690074920654,"[-0.6849743127822876, -0.03449283912777901]",0,-1.0,False,False
1771366891.5864146,2,49,3.0183465480804443,"[-0.719303548336029, -0.03432925045490265]",0,-1.0,False,False
1771366891.6552975,2,50,3.0872294902801514,"[-0.7532479166984558, -0.03394434601068497]",0,-1.0,False,False
1771366891.7163997,2,51,3.148331642150879,"[-0.7866029143333435, -0.03335503488779068]",0,-1.0,False,False
1771366891.7783194,2,52,3.2102513313293457,"[-0.8191838264465332, -0.032580889761447906]",0,-1.0,False,False
1771366891.837564,2,53,3.269495964050293,"[-0.850827157497406, -0.031643327325582504]",0,-1.0,False,False
1771366891.8965685,2,54,3.328500509262085,"[-0.8813918828964233, -0.030564740300178528]",0,-1.0,False,False
1771366891.9601545,2,55,3.3920865058898926,"[-0.908759593963623, -0.027367694303393364]",2,-1.0,False,False
1771366892.026347,2,56,3.4582788944244385,"[-0.9328398108482361, -0.024080220609903336]",2,-1.0,False,False
1771366892.0920773,2,57,3.5240092277526855,"[-0.9535657167434692, -0.020725907757878304]",2,-1.0,False,False
1771366892.1532347,2,58,3.5851666927337646,"[-0.9708895683288574, -0.017323888838291168]",2,-1.0,False,False
1771366892.2180188,2,59,3.6499507427215576,"[-0.9847787022590637, -0.013889110647141933]",2,-1.0,False,False
1771366892.2751007,2,60,3.7070326805114746,"[-0.9952115416526794, -0.010432813316583633]",2,-1.0,False,False
1771366892.3392177,2,61,3.7711496353149414,"[-1.002174735069275, -0.006963155698031187]",2,-1.0,False,False
1771366892.4026766,2,62,3.834608554840088,"[-1.0056606531143188, -0.0034859254956245422]",2,-1.0,False,False
1771366892.4619563,2,63,3.893888235092163,"[-1.005665898323059, -5.310334472596878e-06]",2,-1.0,False,False
1771366892.5261552,2,64,3.958087205886841,"[-1.0021905899047852, 0.0034753098152577877]",2,-1.0,False,False
1771366892.5831573,2,65,4.015089273452759,"[-0.9952380657196045, 0.006952556315809488]",2,-1.0,False,False
1771366892.6530187,2,66,4.084950685501099,"[-0.984815776348114, 0.010422244668006897]",2,-1.0,False,False
1771366892.7143142,2,67,4.1462461948394775,"[-0.970937192440033, 0.0138785932213068]",2,-1.0,False,False
1771366892.7765005,2,68,4.20843243598938,"[-0.9536237716674805, 0.017313452437520027]",2,-1.0,False,False
1771366892.8379736,2,69,4.2699055671691895,"[-0.9329081773757935, 0.020715592429041862]",2,-1.0,False,False
1771366892.9014773,2,70,4.333409309387207,"[-0.9088380932807922, 0.024070078507065773]",2,-1.0,False,False
1771366892.9587476,2,71,4.390679597854614,"[-0.8814802765846252, 0.027357788756489754]",2,-1.0,False,False
1771366893.0181367,2,72,4.450068712234497,"[-0.8509251475334167, 0.030555151402950287]",2,-1.0,False,False
1771366893.0892618,2,73,4.521193742752075,"[-0.8172910213470459, 0.03363414481282234]",2,-1.0,False,False
1771366893.1497805,2,74,4.581712484359741,"[-0.780728280544281, 0.036562707275152206]",2,-1.0,False,False
1771366893.211103,2,75,4.643034934997559,"[-0.7414227724075317, 0.03930553421378136]",2,-1.0,False,False
1771366893.273856,2,76,4.705787897109985,"[-0.6995973587036133, 0.04182540252804756]",2,-1.0,False,False
1771366893.335569,2,77,4.767500877380371,"[-0.6555124521255493, 0.04408491030335426]",2,-1.0,False,False
1771366893.3925664,2,78,4.824498414993286,"[-0.6094638109207153, 0.046048641204833984]",2,-1.0,False,False
1771366893.4503732,2,79,4.882305145263672,"[-0.5617782473564148, 0.04768553003668785]",2,-1.0,False,False
1771366893.50864,2,80,4.940572023391724,"[-0.5128070116043091, 0.04897125065326691]",2,-1.0,False,False
1771366893.5710135,2,81,5.002945423126221,"[-0.46291670203208923, 0.04989032447338104]",2,-1.0,False,False
1771366893.6335807,2,82,5.065512657165527,"[-0.4124789834022522, 0.050437718629837036]",2,-1.0,False,False
1771366893.69099,2,83,5.122921943664551,"[-0.3618592917919159, 0.05061967298388481]",2,-1.0,False,False
1771366893.7483964,2,84,5.180328369140625,"[-0.31140562891960144, 0.05045366659760475]",2,-1.0,False,False
1771366893.8052907,2,85,5.237222671508789,"[-0.2614381015300751, 0.04996754601597786]",2,-1.0,False,False
1771366893.8654826,2,86,5.297414541244507,"[-0.21224021911621094, 0.04919786378741264]",2,-1.0,False,False
1771366893.9251103,2,87,5.35704231262207,"[-0.16405248641967773, 0.0481877401471138]",2,-1.0,False,False
1771366893.9902976,2,88,5.422229528427124,"[-0.11706802994012833, 0.04698445275425911]",2,-1.0,False,False
1771366894.050038,2,89,5.4819700717926025,"[-0.0714309811592102, 0.04563705250620842]",2,-1.0,False,False
1771366894.1171625,2,90,5.5490944385528564,"[-0.02723674289882183, 0.044194236397743225]",2,-1.0,False,False
1771366894.177443,2,91,5.609375,"[0.015465835109353065, 0.042702578008174896]",2,-1.0,False,False
1771366894.242049,2,92,5.673980951309204,"[0.05667110159993172, 0.0412052683532238]",2,-1.0,False,False
1771366894.3047125,2,93,5.736644506454468,"[0.09641241282224655, 0.039741311222314835]",2,-1.0,False,False
1771366894.3663228,2,94,5.798254728317261,"[0.13475757837295532, 0.038345158100128174]",2,-1.0,False,False
1771366894.4299881,2,95,5.861920118331909,"[0.1718042641878128, 0.03704668581485748]",2,-1.0,False,False
1771366894.4876516,2,96,5.919583559036255,"[0.2076757252216339, 0.035871461033821106]",2,-1.0,False,False
1771366894.5549307,2,97,5.986862659454346,"[0.24251689016819, 0.03484117239713669]",2,-1.0,False,False
1771366894.615559,2,98,6.047491073608398,"[0.27649104595184326, 0.03397415950894356]",2,-1.0,False,False
1771366894.6807683,2,99,6.1127002239227295,"[0.30977705121040344, 0.033285997807979584]",2,-1.0,False,False
1771366894.7389379,2,100,6.170869827270508,"[0.34256711602211, 0.03279007226228714]",2,-1.0,False,False
1771366894.8058057,2,101,6.237737655639648,"[0.37506523728370667, 0.03249810263514519]",2,-1.0,False,False
1771366894.8702354,2,102,6.3021674156188965,"[0.40748584270477295, 0.032420601695775986]",2,-1.0,False,False
1771366894.933471,2,103,6.365402936935425,"[0.4400530755519867, 0.032567258924245834]",2,-1.0,False,False
1771366894.992192,2,104,6.424124002456665,"[0.47300028800964355, 0.03294720873236656]",2,-1.0,False,False
1771366897.1247516,3,1,0.28308916091918945,"[-0.42663055658340454, -0.0007222349522635341]",1,-1.0,False,False
1771366897.1853273,3,2,0.34366488456726074,"[-0.4280698299407959, -0.00143928243778646]",1,-1.0,False,False
1771366897.2435348,3,3,0.4018723964691162,"[-0.43021583557128906, -0.002145982114598155]",1,-1.0,False,False
1771366897.315889,3,4,0.4742264747619629,"[-0.43305304646492004, -0.0028372290544211864]",1,-1.0,False,False
1771366897.3809044,3,5,0.5392420291900635,"[-0.43656104803085327, -0.003508001333102584]",1,-1.0,False,False
1771366897.4510267,3,6,0.6093642711639404,"[-0.44071444869041443, -0.004153391811996698]",1,-1.0,False,False
1771366897.5169566,3,7,0.6752941608428955,"[-0.44448307156562805, -0.003768638242036104]",2,-1.0,False,False
1771366897.5811749,3,8,0.7395124435424805,"[-0.44783952832221985, -0.0033564504701644182]",2,-1.0,False,False
1771366897.642684,3,9,0.8010215759277344,"[-0.45075929164886475, -0.002919765654951334]",2,-1.0,False,False
1771366897.7177348,3,10,0.8760724067687988,"[-0.45322102308273315, -0.0024617244489490986]",2,-1.0,False,False
1771366897.7837613,3,11,0.94209885597229,"[-0.45520666241645813, -0.0019856449216604233]",2,-1.0,False,False
1771366897.844564,3,12,1.002901554107666,"[-0.4567016661167145, -0.0014949942706152797]",2,-1.0,False,False
1771366897.9072497,3,13,1.0655872821807861,"[-0.45769503712654114, -0.0009933614637702703]",2,-1.0,False,False
1771366897.9698973,3,14,1.12823486328125,"[-0.45817944407463074, -0.0004844256618525833]",2,-1.0,False,False
1771366898.0348294,3,15,1.193166971206665,"[-0.45815137028694153, 2.8073045541532338e-05]",2,-1.0,False,False
1771366898.0948145,3,16,1.2531521320343018,"[-0.4576110243797302, 0.000540365232154727]",2,-1.0,False,False
1771366898.1567671,3,17,1.3151047229766846,"[-0.456562340259552, 0.001048683188855648]",2,-1.0,False,False
1771366898.2158732,3,18,1.3742108345031738,"[-0.4550130367279053, 0.0015492921229451895]",2,-1.0,False,False
1771366898.2757294,3,19,1.4340670108795166,"[-0.4529745280742645, 0.0020385209936648607]",2,-1.0,False,False
1771366898.3454492,3,20,1.5037868022918701,"[-0.4504617154598236, 0.002512793056666851]",2,-1.0,False,False
1771366898.4054217,3,21,1.5637593269348145,"[-0.4474930763244629, 0.002968655666336417]",2,-1.0,False,False
1771366898.4692893,3,22,1.627626895904541,"[-0.44409024715423584, 0.0034028091467916965]",2,-1.0,False,False
1771366898.5323412,3,23,1.6906788349151611,"[-0.4402781128883362, 0.0038121335674077272]",2,-1.0,False,False
1771366898.59173,3,24,1.7500677108764648,"[-0.43608441948890686, 0.004193715751171112]",2,-1.0,False,False
1771366898.6494758,3,25,1.8078134059906006,"[-0.43153953552246094, 0.00454487232491374]",2,-1.0,False,False
1771366898.7088628,3,26,1.8672003746032715,"[-0.42667636275291443, 0.004863171838223934]",2,-1.0,False,False
1771366898.780806,3,27,1.9391436576843262,"[-0.4215299189090729, 0.005146453622728586]",2,-1.0,False,False
1771366898.83863,3,28,1.9969675540924072,"[-0.41613706946372986, 0.00539284385740757]",2,-1.0,False,False
1771366898.904262,3,29,2.0625996589660645,"[-0.4105362892150879, 0.00560076953843236]",2,-1.0,False,False
1771366898.962112,3,30,2.1204495429992676,"[-0.40476733446121216, 0.00576896732673049]",2,-1.0,False,False
1771366899.0284898,3,31,2.1868274211883545,"[-0.3988708257675171, 0.005896489601582289]",2,-1.0,False,False
1771366899.089576,3,32,2.2479135990142822,"[-0.3928881287574768, 0.005982707254588604]",2,-1.0,False,False
1771366899.1485944,3,33,2.306931972503662,"[-0.38686081767082214, 0.0060273087583482265]",2,-1.0,False,False
1771366899.2153597,3,34,2.373697280883789,"[-0.3808305263519287, 0.006030295044183731]",2,-1.0,False,False
1771366899.277684,3,35,2.436021566390991,"[-0.3768385648727417, 0.0039919717237353325]",0,-1.0,False,False
1771366899.3409019,3,36,2.499239444732666,"[-0.3749120831489563, 0.0019264883594587445]",0,-1.0,False,False
1771366899.4016721,3,37,2.560009717941284,"[-0.37506410479545593, -0.00015204794181045145]",0,-1.0,False,False
1771366899.4636836,3,38,2.622021198272705,"[-0.3772936761379242, -0.0022295552771538496]",0,-1.0,False,False
1771366899.5252655,3,39,2.683603048324585,"[-0.38158562779426575, -0.0042919497936964035]",0,-1.0,False,False
1771366899.5872352,3,40,2.745572805404663,"[-0.38791075348854065, -0.006325118709355593]",0,-1.0,False,False
1771366899.6466947,3,41,2.805032253265381,"[-0.3962256610393524, -0.008314906619489193]",0,-1.0,False,False
1771366899.7144043,3,42,2.872741937637329,"[-0.406472772359848, -0.0102471262216568]",0,-1.0,False,False
1771366899.775744,3,43,2.934081554412842,"[-0.41858038306236267, -0.012107606045901775]",0,-1.0,False,False
1771366899.8374944,3,44,2.9958319664001465,"[-0.4324626624584198, -0.013882278464734554]",0,-1.0,False,False
1771366899.8995144,3,45,3.057852029800415,"[-0.44801998138427734, -0.015557315200567245]",0,-1.0,False,False
1771366899.961457,3,46,3.1197946071624756,"[-0.4651392698287964, -0.017119312658905983]",0,-1.0,False,False
1771366900.0231442,3,47,3.1814818382263184,"[-0.48369479179382324, -0.01855551451444626]",0,-1.0,False,False
1771366900.0868468,3,48,3.2451844215393066,"[-0.5035488605499268, -0.01985407993197441]",0,-1.0,False,False
1771366900.148868,3,49,3.3072056770324707,"[-0.5245532393455505, -0.021004362031817436]",0,-1.0,False,False
1771366900.209304,3,50,3.3676416873931885,"[-0.546550452709198, -0.021997204050421715]",0,-1.0,False,False
1771366900.2689083,3,51,3.427245855331421,"[-0.5693756341934204, -0.022825203835964203]",0,-1.0,False,False
1771366900.3349051,3,52,3.4932427406311035,"[-0.592858612537384, -0.023482954129576683]",0,-1.0,False,False
1771366900.396435,3,53,3.5547726154327393,"[-0.6168258190155029, -0.023967236280441284]",0,-1.0,False,False
1771366900.4599438,3,54,3.618281364440918,"[-0.6411029696464539, -0.024277111515402794]",0,-1.0,False,False
1771366900.5213857,3,55,3.6797232627868652,"[-0.6655169129371643, -0.02441396936774254]",0,-1.0,False,False
1771366900.579448,3,56,3.737785577774048,"[-0.6898983716964722, -0.024381449446082115]",0,-1.0,False,False
1771366900.6452165,3,57,3.803554058074951,"[-0.7140836715698242, -0.02418530359864235]",0,-1.0,False,False
1771366900.712034,3,58,3.8703715801239014,"[-0.7379168272018433, -0.02383316308259964]",0,-1.0,False,False
1771366900.7699332,3,59,3.9282708168029785,"[-0.7612510919570923, -0.023334257304668427]",0,-1.0,False,False
1771366900.8331435,3,60,3.991481065750122,"[-0.78395015001297, -0.02269907295703888]",0,-1.0,False,False
1771366900.8967466,3,61,4.055084228515625,"[-0.8058891892433167, -0.021939001977443695]",0,-1.0,False,False
1771366900.957894,3,62,4.116231679916382,"[-0.8269551396369934, -0.02106597274541855]",0,-1.0,False,False
1771366901.0281358,3,63,4.186473369598389,"[-0.8470472693443298, -0.020092107355594635]",0,-1.0,False,False
1771366901.0974655,3,64,4.255803108215332,"[-0.866076648235321, -0.0190294049680233]",0,-1.0,False,False
1771366901.1608517,3,65,4.3191893100738525,"[-0.8819661140441895, -0.015889467671513557]",2,-1.0,False,False
1771366901.2229893,3,66,4.381326913833618,"[-0.8946564793586731, -0.01269037090241909]",2,-1.0,False,False
1771366901.2851923,3,67,4.443529844284058,"[-0.9041041135787964, -0.009447608143091202]",2,-1.0,False,False
1771366901.344132,3,68,4.502469539642334,"[-0.9102785587310791, -0.00617444422096014]",2,-1.0,False,False
1771366901.4113219,3,69,4.569659471511841,"[-0.9131609201431274, -0.0028823972679674625]",2,-1.0,False,False
1771366901.472248,3,70,4.630585670471191,"[-0.9127427339553833, 0.0004181960830464959]",2,-1.0,False,False
1771366901.5367758,3,71,4.69511342048645,"[-0.9090251922607422, 0.003717560088261962]",2,-1.0,False,False
1771366901.5985618,3,72,4.756899356842041,"[-0.9020193219184875, 0.00700583728030324]",2,-1.0,False,False
1771366901.661392,3,73,4.819729566574097,"[-0.8917468786239624, 0.010272448882460594]",2,-1.0,False,False
1771366901.7219353,3,74,4.88027286529541,"[-0.8782414197921753, 0.013505484908819199]",2,-1.0,False,False
1771366901.7844648,3,75,4.942802429199219,"[-0.8615502715110779, 0.016691157594323158]",2,-1.0,False,False
1771366901.846411,3,76,5.004748582839966,"[-0.841736912727356, 0.01981334574520588]",2,-1.0,False,False
1771366901.9082973,3,77,5.066634893417358,"[-0.8188835978507996, 0.02285328507423401]",2,-1.0,False,False
1771366901.9676445,3,78,5.125982046127319,"[-0.7930942177772522, 0.025789424777030945]",2,-1.0,False,False
1771366902.0323372,3,79,5.190674781799316,"[-0.7644966840744019, 0.028597531840205193]",2,-1.0,False,False
1771366902.0939887,3,80,5.252326250076294,"[-0.7332456111907959, 0.031251050531864166]",2,-1.0,False,False
1771366902.1572218,3,81,5.315559387207031,"[-0.6995238661766052, 0.03372177109122276]",2,-1.0,False,False
1771366902.222328,3,82,5.38066554069519,"[-0.6635430455207825, 0.03598080202937126]",2,-1.0,False,False
1771366902.2844005,3,83,5.442738056182861,"[-0.6255432367324829, 0.037999819964170456]",2,-1.0,False,False
1771366902.3430011,3,84,5.501338720321655,"[-0.5857906937599182, 0.0397525429725647]",2,-1.0,False,False
1771366902.409367,3,85,5.567704677581787,"[-0.5445743799209595, 0.041216280311346054]",2,-1.0,False,False
1771366902.4702585,3,86,5.628596067428589,"[-0.5022009015083313, 0.04237349331378937]",2,-1.0,False,False
1771366902.5285766,3,87,5.6869142055511475,"[-0.4589878022670746, 0.043213117867708206]",2,-1.0,False,False
1771366902.5938282,3,88,5.752165794372559,"[-0.41525623202323914, 0.04373156651854515]",2,-1.0,False,False
1771366902.6570582,3,89,5.815395832061768,"[-0.37132298946380615, 0.04393322765827179]",2,-1.0,False,False
1771366902.7183416,3,90,5.876679182052612,"[-0.32749253511428833, 0.043830469250679016]",2,-1.0,False,False
1771366902.7781785,3,91,5.936516046524048,"[-0.28404948115348816, 0.04344306141138077]",2,-1.0,False,False
1771366902.836359,3,92,5.994696617126465,"[-0.24125231802463531, 0.04279714450240135]",2,-1.0,False,False
1771366902.9070582,3,93,6.065395832061768,"[-0.1993284821510315, 0.04192383587360382]",2,-1.0,False,False
1771366902.9651825,3,94,6.123520135879517,"[-0.15847082436084747, 0.04085765779018402]",2,-1.0,False,False
1771366903.0294812,3,95,6.187818765640259,"[-0.1188359335064888, 0.03963489830493927]",2,-1.0,False,False
1771366903.0885322,3,96,6.246869802474976,"[-0.08054383844137192, 0.03829209506511688]",2,-1.0,False,False
1771366903.154224,3,97,6.312561511993408,"[-0.043679121881723404, 0.03686472028493881]",2,-1.0,False,False
1771366903.2164283,3,98,6.374765872955322,"[-0.008292966522276402, 0.03538615256547928]",2,-1.0,False,False
1771366903.2766693,3,99,6.435006856918335,"[0.025593962520360947, 0.033886928111314774]",2,-1.0,False,False
1771366903.3409555,3,100,6.499293088912964,"[0.057988256216049194, 0.03239429369568825]",2,-1.0,False,False
1771366903.398874,3,101,6.557211637496948,"[0.08892028033733368, 0.030932027846574783]",2,-1.0,False,False
1771366903.4663336,3,102,6.624671220779419,"[0.11844073235988617, 0.02952045388519764]",2,-1.0,False,False
1771366903.5253146,3,103,6.68365216255188,"[0.1466173529624939, 0.02817661687731743]",2,-1.0,False,False
1771366903.5910022,3,104,6.749339818954468,"[0.1735319346189499, 0.026914579793810844]",2,-1.0,False,False
1771366903.6525986,3,105,6.810936212539673,"[0.19927771389484406, 0.025745773687958717]",2,-1.0,False,False
1771366903.7136,3,106,6.87193751335144,"[0.2239570915699005, 0.024679379537701607]",2,-1.0,False,False
1771366903.7770674,3,107,6.935405015945435,"[0.24767981469631195, 0.023722734302282333]",2,-1.0,False,False
1771366903.835407,3,108,6.993744611740112,"[0.2705615162849426, 0.02288169600069523]",2,-1.0,False,False
1771366903.903318,3,109,7.061655521392822,"[0.29272252321243286, 0.022161001339554787]",2,-1.0,False,False
1771366903.9663923,3,110,7.124729871749878,"[0.31428712606430054, 0.02156459540128708]",2,-1.0,False,False
1771366904.0280027,3,111,7.18634033203125,"[0.33538302779197693, 0.02109590917825699]",2,-1.0,False,False
1771366904.0896916,3,112,7.2480292320251465,"[0.3561411499977112, 0.020758112892508507]",2,-1.0,False,False
1771366904.1509016,3,113,7.309239149093628,"[0.3766954839229584, 0.020554346963763237]",2,-1.0,False,False
1771366904.2101474,3,114,7.368484973907471,"[0.3971833884716034, 0.020487893372774124]",2,-1.0,False,False
1771366904.2701468,3,115,7.4284844398498535,"[0.4177457094192505, 0.020562341436743736]",2,-1.0,False,False
1771366904.3381405,3,116,7.496478080749512,"[0.4385274350643158, 0.02078172005712986]",2,-1.0,False,False
1771366904.3999617,3,117,7.55829930305481,"[0.4596780240535736, 0.021150588989257812]",2,-1.0,False,False
1771366904.4629784,3,118,7.621315956115723,"[0.48135215044021606, 0.02167411707341671]",2,-1.0,False,False
1771366904.5241194,3,119,7.682456970214844,"[0.5037102699279785, 0.022358113899827003]",2,-1.0,True,True
1771366904.6152847,4,1,0.06689214706420898,"[-0.4943966567516327, 0.0007871457492001355]",2,-1.0,False,False
1771366904.677975,4,2,0.12958240509033203,"[-0.49282824993133545, 0.0015684099635109305]",2,-1.0,False,False
1771366904.736656,4,3,0.1882634162902832,"[-0.49049028754234314, 0.002337958663702011]",2,-1.0,False,False
1771366904.8033528,4,4,0.254960298538208,"[-0.48740023374557495, 0.0030900530982762575]",2,-1.0,False,False
1771366904.8655796,4,5,0.3171870708465576,"[-0.4845811426639557, 0.0028190973680466413]",1,-1.0,False,False
1771366904.927228,4,6,0.37883543968200684,"[-0.4820540249347687, 0.002527133096009493]",1,-1.0,False,False
1771366904.9841924,4,7,0.43579983711242676,"[-0.47983765602111816, 0.002216353313997388]",1,-1.0,False,False
1771366905.0510771,4,8,0.5026845932006836,"[-0.4779485762119293, 0.0018890869105234742]",1,-1.0,False,False
1771366905.1133533,4,9,0.5649607181549072,"[-0.47640079259872437, 0.001547779655084014]",1,-1.0,False,False
1771366905.1747873,4,10,0.6263947486877441,"[-0.47520580887794495, 0.0011949763866141438]",1,-1.0,False,False
1771366905.237451,4,11,0.6890585422515869,"[-0.4743725061416626, 0.0008333027944900095]",1,-1.0,False,False
1771366905.2944937,4,12,0.7461011409759521,"[-0.47290706634521484, 0.0014654463157057762]",2,-1.0,False,False
1771366905.3653383,4,13,0.8169457912445068,"[-0.4708203375339508, 0.0020867222920060158]",2,-1.0,False,False
1771366905.4235666,4,14,0.8751740455627441,"[-0.4681278169155121, 0.002692535985261202]",2,-1.0,False,False
1771366905.4927871,4,15,0.944394588470459,"[-0.4648493826389313, 0.003278421238064766]",2,-1.0,False,False
1771366905.5543518,4,16,1.0059592723846436,"[-0.46100929379463196, 0.003840078366920352]",2,-1.0,False,False
1771366905.61487,4,17,1.0664775371551514,"[-0.45663589239120483, 0.00437341071665287]",2,-1.0,False,False
1771366905.6730764,4,18,1.1246838569641113,"[-0.4517613351345062, 0.0048745605163276196]",2,-1.0,False,False
1771366905.7373493,4,19,1.1889567375183105,"[-0.44642138481140137, 0.005339940544217825]",2,-1.0,False,False
1771366905.8043315,4,20,1.25593900680542,"[-0.4406551420688629, 0.005766267888247967]",2,-1.0,False,False
1771366905.8655457,4,21,1.3171532154083252,"[-0.43450453877449036, 0.006150590255856514]",2,-1.0,False,False
1771366905.9275656,4,22,1.3791730403900146,"[-0.42801421880722046, 0.006490311119705439]",2,-1.0,False,False
1771366905.988165,4,23,1.439772367477417,"[-0.4212310016155243, 0.006783211603760719]",2,-1.0,False,False
1771366906.0514414,4,24,1.5030488967895508,"[-0.41420355439186096, 0.007027464918792248]",2,-1.0,False,False
1771366906.1140304,4,25,1.5656378269195557,"[-0.406981885433197, 0.0072216494008898735]",2,-1.0,False,False
1771366906.1751692,4,26,1.6267766952514648,"[-0.39961713552474976, 0.007364755962044001]",2,-1.0,False,False
1771366906.2355385,4,27,1.6871459484100342,"[-0.39216095209121704, 0.007456185761839151]",2,-1.0,False,False
1771366906.2998464,4,28,1.7514538764953613,"[-0.3866651952266693, 0.00549574987962842]",0,-1.0,False,False
1771366906.36317,4,29,1.8147773742675781,"[-0.3831678032875061, 0.0034973910078406334]",0,-1.0,False,False
1771366906.419701,4,30,1.8713085651397705,"[-0.3816927671432495, 0.001475039403885603]",0,-1.0,False,False
1771366906.4883037,4,31,1.939911127090454,"[-0.38225018978118896, -0.0005573976086452603]",0,-1.0,False,False
1771366906.5512207,4,32,2.0028281211853027,"[-0.38483619689941406, -0.00258602574467659]",0,-1.0,False,False
1771366906.614358,4,33,2.065965414047241,"[-0.3894331455230713, -0.004596945829689503]",0,-1.0,False,False
1771366906.678737,4,34,2.1303443908691406,"[-0.3960093855857849, -0.006576238200068474]",0,-1.0,False,False
1771366906.7547817,4,35,2.2063891887664795,"[-0.40451934933662415, -0.008509962819516659]",0,-1.0,False,False
1771366906.8175735,4,36,2.2691810131073,"[-0.41490352153778076, -0.010384183377027512]",0,-1.0,False,False
1771366906.8800042,4,37,2.3316116333007812,"[-0.42708855867385864, -0.01218502689152956]",0,-1.0,False,False
1771366906.943271,4,38,2.394878387451172,"[-0.44098734855651855, -0.013898782432079315]",0,-1.0,False,False
1771366907.0013971,4,39,2.4530045986175537,"[-0.4564993977546692, -0.015512045472860336]",0,-1.0,False,False
1771366907.0667274,4,40,2.5183348655700684,"[-0.473511278629303, -0.01701189950108528]",0,-1.0,False,False
1771366907.1272984,4,41,2.5789058208465576,"[-0.49189743399620056, -0.01838614232838154]",0,-1.0,False,False
1771366907.1853757,4,42,2.6369831562042236,"[-0.5115209817886353, -0.019623544067144394]",0,-1.0,False,False
1771366907.2498605,4,43,2.701467990875244,"[-0.5322350859642029, -0.020714107900857925]",0,-1.0,False,False
1771366907.3130424,4,44,2.7646498680114746,"[-0.5538844466209412, -0.021649343892931938]",0,-1.0,False,False
1771366907.3756163,4,45,2.827223777770996,"[-0.576306939125061, -0.022422512993216515]",0,-1.0,False,False
1771366907.4341638,4,46,2.8857712745666504,"[-0.599335789680481, -0.023028846830129623]",0,-1.0,False,False
1771366907.4943302,4,47,2.9459376335144043,"[-0.6228014826774597, -0.02346569485962391]",0,-1.0,False,False
1771366907.566747,4,48,3.0183544158935547,"[-0.6465340852737427, -0.023732608184218407]",0,-1.0,False,False
1771366907.6297774,4,49,3.0813848972320557,"[-0.6703654527664185, -0.023831354454159737]",0,-1.0,False,False
1771366907.6916385,4,50,3.1432459354400635,"[-0.6941312551498413, -0.02376582659780979]",0,-1.0,False,False
1771366907.7501383,4,51,3.2017457485198975,"[-0.7176731824874878, -0.023541899397969246]",0,-1.0,False,False
1771366907.816191,4,52,3.26779842376709,"[-0.7408403754234314, -0.023167194798588753]",0,-1.0,False,False
1771366907.8792896,4,53,3.330897092819214,"[-0.763491153717041, -0.02265079878270626]",0,-1.0,False,False
1771366907.9414904,4,54,3.3930978775024414,"[-0.7854940891265869, -0.022002942860126495]",0,-1.0,False,False
1771366908.0063574,4,55,3.4579648971557617,"[-0.8067287802696228, -0.02123466692864895]",0,-1.0,False,False
1771366908.0687835,4,56,3.5203909873962402,"[-0.8270862698554993, -0.020357472822070122]",0,-1.0,False,False
1771366908.1301696,4,57,3.5817770957946777,"[-0.8464692831039429, -0.019383003935217857]",0,-1.0,False,False
1771366908.191692,4,58,3.6432995796203613,"[-0.864791989326477, -0.01832275465130806]",0,-1.0,False,False
1771366908.2713857,4,59,3.7229931354522705,"[-0.8819798231124878, -0.01718781515955925]",0,-1.0,False,False
1771366908.3330958,4,60,3.784703254699707,"[-0.8979684710502625, -0.0159886684268713]",0,-1.0,False,False
1771366908.395428,4,61,3.8470354080200195,"[-0.9107035398483276, -0.012735042721033096]",2,-1.0,False,False
1771366908.4574316,4,62,3.90903902053833,"[-0.9201452732086182, -0.009441724047064781]",2,-1.0,False,False
1771366908.5181937,4,63,3.969801187515259,"[-0.9262663722038269, -0.0061211371794342995]",2,-1.0,False,False
1771366908.5816464,4,64,4.033253908157349,"[-0.9290502667427063, -0.002783864503726363]",2,-1.0,False,False
1771366908.6403337,4,65,4.0919411182403564,"[-0.9284895062446594, 0.0005607364582829177]",2,-1.0,False,False
1771366908.7055955,4,66,4.157202959060669,"[-0.9245856404304504, 0.0039038744289427996]",2,-1.0,False,False
1771366908.7670517,4,67,4.218659162521362,"[-0.9173489809036255, 0.007236643694341183]",2,-1.0,False,False
1771366908.8313034,4,68,4.2829108238220215,"[-0.9067996740341187, 0.010549347847700119]",2,-1.0,False,False
1771366908.8949537,4,69,4.3465611934661865,"[-0.8929688334465027, 0.013830851763486862]",2,-1.0,False,False
1771366908.9554536,4,70,4.4070611000061035,"[-0.8759008049964905, 0.01706799305975437]",2,-1.0,False,False
1771366909.0327432,4,71,4.484350681304932,"[-0.8556557297706604, 0.020245090126991272]",2,-1.0,False,False
1771366909.0913,4,72,4.542907476425171,"[-0.8323121666908264, 0.023343579843640327]",2,-1.0,False,False
1771366909.157339,4,73,4.6089465618133545,"[-0.805970311164856, 0.026341846212744713]",2,-1.0,False,False
1771366909.220507,4,74,4.672114372253418,"[-0.7767550349235535, 0.02921527810394764]",2,-1.0,False,False
1771366909.2823231,4,75,4.733930587768555,"[-0.744818389415741, 0.03193661943078041]",2,-1.0,False,False
1771366909.3411648,4,76,4.79277229309082,"[-0.71034175157547, 0.0344766266644001]",2,-1.0,False,False
1771366909.4058893,4,77,4.857496738433838,"[-0.6735367178916931, 0.03680507838726044]",2,-1.0,False,False
1771366909.468178,4,78,4.919785499572754,"[-0.634644627571106, 0.038892071694135666]",2,-1.0,False,False
1771366909.5298102,4,79,4.981417655944824,"[-0.5939350128173828, 0.04070959612727165]",2,-1.0,False,False
1771366909.5932884,4,80,5.044895887374878,"[-0.5517017841339111, 0.042233213782310486]",2,-1.0,False,False
1771366909.6519787,4,81,5.103586196899414,"[-0.508258044719696, 0.04344373568892479]",2,-1.0,False,False
1771366909.7181823,4,82,5.169789791107178,"[-0.46392935514450073, 0.0443287193775177]",2,-1.0,False,False
1771366909.7748625,4,83,5.226469993591309,"[-0.4190457761287689, 0.04488358646631241]",2,-1.0,False,False
1771366909.8325198,4,84,5.284127235412598,"[-0.3739335238933563, 0.045112233608961105]",2,-1.0,False,False
1771366909.9052372,4,85,5.356844663619995,"[-0.32890644669532776, 0.04502708092331886]",2,-1.0,False,False
1771366909.9634857,4,86,5.415093183517456,"[-0.2842579483985901, 0.04464850574731827]",2,-1.0,False,False
1771366910.029571,4,87,5.481178522109985,"[-0.24025417864322662, 0.044003766030073166]",2,-1.0,False,False
1771366910.0931318,4,88,5.544739246368408,"[-0.19712866842746735, 0.04312551021575928]",2,-1.0,False,False
1771366910.1537821,4,89,5.605389595031738,"[-0.15507857501506805, 0.042050085961818695]",2,-1.0,False,False
1771366910.215103,4,90,5.666710376739502,"[-0.11426278203725815, 0.040815796703100204]",2,-1.0,False,False
1771366910.2733364,4,91,5.7249438762664795,"[-0.07480154186487198, 0.03946124389767647]",2,-1.0,False,False
1771366910.3363717,4,92,5.7879791259765625,"[-0.03677761182188988, 0.0380239263176918]",2,-1.0,False,False
1771366910.3953254,4,93,5.846932888031006,"[-0.0002384842373430729, 0.03653912991285324]",2,-1.0,False,False
1771366910.464423,4,94,5.916030406951904,"[0.03480064496397972, 0.035039130598306656]",2,-1.0,False,False
1771366910.5225987,4,95,5.974206209182739,"[0.06835338473320007, 0.03355273976922035]",2,-1.0,False,False
1771366910.5896173,4,96,6.041224718093872,"[0.10045850276947021, 0.03210511803627014]",2,-1.0,False,False
1771366910.6473432,4,97,6.098950624465942,"[0.13117630779743195, 0.030717797577381134]",2,-1.0,False,False
1771366910.7150633,4,98,6.166670799255371,"[0.1605851948261261, 0.0294088926166296]",2,-1.0,False,False
1771366910.77865,4,99,6.230257511138916,"[0.18877863883972168, 0.028193436563014984]",2,-1.0,False,False
1771366910.8390539,4,100,6.290661334991455,"[0.21586239337921143, 0.027083754539489746]",2,-1.0,False,False
1771366910.9036078,4,101,6.355215311050415,"[0.24195228517055511, 0.026089899241924286]",2,-1.0,False,False
1771366910.9613867,4,102,6.412994146347046,"[0.26717236638069153, 0.025220071896910667]",2,-1.0,False,False
1771366911.0277424,4,103,6.479349851608276,"[0.2916533946990967, 0.02448102831840515]",2,-1.0,False,False
1771366911.0865848,4,104,6.538192272186279,"[0.315531849861145, 0.023878460749983788]",2,-1.0,False,False
1771366911.1488829,4,105,6.60049033164978,"[0.33894917368888855, 0.023417336866259575]",2,-1.0,False,False
1771366911.209099,4,106,6.660706520080566,"[0.362051397562027, 0.02310221455991268]",2,-1.0,False,False
1771366911.2711146,4,107,6.722722053527832,"[0.3849888741970062, 0.022937484085559845]",2,-1.0,False,False
1771366911.335797,4,108,6.787404537200928,"[0.40791648626327515, 0.02292761206626892]",2,-1.0,False,False
1771366911.3945837,4,109,6.846191167831421,"[0.43099379539489746, 0.023077307268977165]",2,-1.0,False,False
1771366911.4619296,4,110,6.91353702545166,"[0.4543854594230652, 0.023391669616103172]",2,-1.0,False,False
1771366911.5240228,4,111,6.975630283355713,"[0.4782617688179016, 0.023876290768384933]",2,-1.0,False,False
1771366911.5852492,4,112,7.036856651306152,"[0.5027990937232971, 0.024537310004234314]",2,-1.0,True,True
1771366911.6673844,5,1,0.05810666084289551,"[-0.5947660803794861, 0.001540998462587595]",2,-1.0,False,False
1771366911.7253451,5,2,0.11606740951538086,"[-0.5916953682899475, 0.003070707665756345]",2,-1.0,False,False
1771366911.7852876,5,3,0.1760098934173584,"[-0.5871174931526184, 0.0045778872445225716]",2,-1.0,False,False
1771366911.846644,5,4,0.2373661994934082,"[-0.5820661187171936, 0.005051400046795607]",1,-1.0,False,False
1771366911.909449,5,5,0.3001713752746582,"[-0.5765784382820129, 0.0054876599460840225]",1,-1.0,False,False
1771366911.9679515,5,6,0.3586738109588623,"[-0.5706951022148132, 0.005883336532860994]",1,-1.0,False,False
1771366912.033604,5,7,0.42432618141174316,"[-0.5644597411155701, 0.006235384847968817]",1,-1.0,False,False
1771366912.097821,5,8,0.4885432720184326,"[-0.5579186677932739, 0.006541075184941292]",1,-1.0,False,False
1771366912.159293,5,9,0.5500152111053467,"[-0.5511206388473511, 0.006798019632697105]",1,-1.0,False,False
1771366912.222666,5,10,0.6133882999420166,"[-0.5451164245605469, 0.006004199385643005]",0,-1.0,False,False
1771366912.2836459,5,11,0.674368143081665,"[-0.539950966835022, 0.005165469367057085]",0,-1.0,False,False
1771366912.3454669,5,12,0.7361891269683838,"[-0.5356628894805908, 0.004288061987608671]",0,-1.0,False,False
1771366912.407986,5,13,0.7987082004547119,"[-0.5302844047546387, 0.005378522910177708]",2,-1.0,False,False
1771366912.468271,5,14,0.8589932918548584,"[-0.5238556861877441, 0.00642866175621748]",2,-1.0,False,False
1771366912.5345843,5,15,0.9253065586090088,"[-0.5164251327514648, 0.007430588826537132]",2,-1.0,False,False
1771366912.596524,5,16,0.9872462749481201,"[-0.5080483555793762, 0.008376790210604668]",2,-1.0,False,False
1771366912.658034,5,17,1.0487563610076904,"[-0.49878811836242676, 0.009260204620659351]",2,-1.0,False,False
1771366912.7168663,5,18,1.107588529586792,"[-0.4887138307094574, 0.010074296034872532]",2,-1.0,False,False
1771366912.7837567,5,19,1.1744790077209473,"[-0.4779007136821747, 0.010813136585056782]",2,-1.0,False,False
1771366912.8471134,5,20,1.2378356456756592,"[-0.4664292335510254, 0.01147147361189127]",2,-1.0,False,False
1771366912.9075878,5,21,1.2983100414276123,"[-0.4543844163417816, 0.012044801376760006]",2,-1.0,False,False
1771366912.9673104,5,22,1.3580327033996582,"[-0.4418550133705139, 0.012529416009783745]",2,-1.0,False,False
1771366913.025345,5,23,1.416067361831665,"[-0.4289325475692749, 0.012922463938593864]",2,-1.0,False,False
1771366913.094213,5,24,1.4849352836608887,"[-0.41571056842803955, 0.01322197262197733]",2,-1.0,False,False
1771366913.1563652,5,25,1.5470874309539795,"[-0.4022836983203888, 0.013426865451037884]",2,-1.0,False,False
1771366913.2196767,5,26,1.6103990077972412,"[-0.3887467384338379, 0.013536956161260605]",2,-1.0,False,False
1771366913.2803984,5,27,1.6711206436157227,"[-0.37519383430480957, 0.013552929274737835]",2,-1.0,False,False
1771366913.341226,5,28,1.7319483757019043,"[-0.3617175221443176, 0.013476300053298473]",2,-1.0,False,False
1771366913.4043593,5,29,1.795081615447998,"[-0.34840816259384155, 0.013309354893863201]",2,-1.0,False,False
1771366913.4650416,5,30,1.8557639122009277,"[-0.3353530764579773, 0.013055086135864258]",2,-1.0,False,False
1771366913.5310042,5,31,1.9217264652252197,"[-0.3226359784603119, 0.012717101722955704]",2,-1.0,False,False
1771366913.5900228,5,32,1.9807450771331787,"[-0.31233644485473633, 0.010299541056156158]",0,-1.0,False,False
1771366913.650147,5,33,2.0408692359924316,"[-0.30451738834381104, 0.00781903974711895]",0,-1.0,False,False
1771366913.7120242,5,34,2.1027464866638184,"[-0.29922568798065186, 0.005291696637868881]",0,-1.0,False,False
1771366913.775845,5,35,2.166567325592041,"[-0.2964925765991211, 0.002733126748353243]",0,-1.0,False,False
1771366913.8354118,5,36,2.2261340618133545,"[-0.29633399844169617, 0.00015858237748034298]",0,-1.0,False,False
1771366913.896816,5,37,2.2875382900238037,"[-0.2987508773803711, -0.0024168856907635927]",0,-1.0,False,False
1771366913.9601915,5,38,2.3509137630462646,"[-0.3037291169166565, -0.0049782381393015385]",0,-1.0,False,False
1771366914.0223825,5,39,2.413104772567749,"[-0.3112393617630005, -0.007510257884860039]",0,-1.0,False,False
1771366914.0865488,5,40,2.47727108001709,"[-0.3212367594242096, -0.009997380897402763]",0,-1.0,False,False
1771366914.1448812,5,41,2.5356035232543945,"[-0.3336603343486786, -0.012423573061823845]",0,-1.0,False,False
1771366914.2106118,5,42,2.6013340950012207,"[-0.34843260049819946, -0.014772264286875725]",0,-1.0,False,False
1771366914.2727227,5,43,2.663444995880127,"[-0.36545896530151367, -0.017026375979185104]",0,-1.0,False,False
1771366914.3314002,5,44,2.7221224308013916,"[-0.38462740182876587, -0.01916843093931675]",0,-1.0,False,False
1771366914.3957796,5,45,2.786501884460449,"[-0.4058081805706024, -0.021180782467126846]",0,-1.0,False,False
1771366914.4533818,5,46,2.844104051589966,"[-0.4288541078567505, -0.023045940324664116]",0,-1.0,False,False
1771366914.525508,5,47,2.9162302017211914,"[-0.4536011219024658, -0.02474699541926384]",0,-1.0,False,False
1771366914.5864906,5,48,2.977212905883789,"[-0.4798692464828491, -0.0262681283056736]",0,-1.0,False,False
1771366914.6479132,5,49,3.038635492324829,"[-0.5074644088745117, -0.02759516052901745]",0,-1.0,False,False
1771366914.704614,5,50,3.0953361988067627,"[-0.5361805558204651, -0.02871612086892128]",0,-1.0,False,False
1771366914.761487,5,51,3.1522092819213867,"[-0.5658023357391357, -0.029621779918670654]",0,-1.0,False,False
1771366914.819863,5,52,3.210585355758667,"[-0.5961083769798279, -0.030306098982691765]",0,-1.0,False,False
1771366914.8815877,5,53,3.2723100185394287,"[-0.6268749833106995, -0.030766554176807404]",0,-1.0,False,False
1771366914.9456303,5,54,3.336352586746216,"[-0.6578792929649353, -0.031004317104816437]",0,-1.0,False,False
1771366915.0057275,5,55,3.3964498043060303,"[-0.6889035105705261, -0.031024232506752014]",0,-1.0,False,False
1771366915.067422,5,56,3.458144187927246,"[-0.7197381258010864, -0.030834641307592392]",0,-1.0,False,False
1771366915.1281538,5,57,3.518876075744629,"[-0.7501851916313171, -0.03044702671468258]",0,-1.0,False,False
1771366915.1882396,5,58,3.5789618492126465,"[-0.7800607085227966, -0.029875513166189194]",0,-1.0,False,False
1771366915.2543712,5,59,3.6450934410095215,"[-0.809196949005127, -0.029136277735233307]",0,-1.0,False,False
1771366915.3145769,5,60,3.705299139022827,"[-0.8374438881874084, -0.028246909379959106]",0,-1.0,False,False
1771366915.3785715,5,61,3.769293785095215,"[-0.8626696467399597, -0.025225752964615822]",2,-1.0,False,False
1771366915.4413433,5,62,3.8320655822753906,"[-0.8847687840461731, -0.02209913730621338]",2,-1.0,False,False
1771366915.5036454,5,63,3.8943676948547363,"[-0.9036588668823242, -0.018890120089054108]",2,-1.0,False,False
1771366915.566403,5,64,3.957125186920166,"[-0.9192772507667542, -0.015618349425494671]",2,-1.0,False,False
1771366915.6272116,5,65,4.0179338455200195,"[-0.9315774440765381, -0.012300191447138786]",2,-1.0,False,False
1771366915.6915286,5,66,4.0822508335113525,"[-0.9405264854431152, -0.008949079550802708]",2,-1.0,False,False
1771366915.7542634,5,67,4.144985675811768,"[-0.946102499961853, -0.005576001480221748]",2,-1.0,False,False
1771366915.8162537,5,68,4.206975936889648,"[-0.94829261302948, -0.002190100261941552]",2,-1.0,False,False
1771366915.8787358,5,69,4.269458055496216,"[-0.9470919370651245, 0.0012006552424281836]",2,-1.0,False,False
1771366915.939764,5,70,4.330486297607422,"[-0.9425032138824463, 0.0045887622982263565]",2,-1.0,False,False
1771366916.0025458,5,71,4.39326810836792,"[-0.9345367550849915, 0.007966462522745132]",2,-1.0,False,False
1771366916.060528,5,72,4.451250314712524,"[-0.9232116937637329, 0.01132502593100071]",2,-1.0,False,False
1771366916.118821,5,73,4.509543180465698,"[-0.908557653427124, 0.014654070138931274]",2,-1.0,False,False
1771366916.1775246,5,74,4.568246841430664,"[-0.8906167149543762, 0.017940932884812355]",2,-1.0,False,False
1771366916.2383919,5,75,4.629114151000977,"[-0.8694465756416321, 0.02117014490067959]",2,-1.0,False,False
1771366916.3003771,5,76,4.691099405288696,"[-0.8451235294342041, 0.02432304061949253]",2,-1.0,False,False
1771366916.36047,5,77,4.751192331314087,"[-0.8177459836006165, 0.027377557009458542]",2,-1.0,False,False
1771366916.4247704,5,78,4.815492630004883,"[-0.7874376773834229, 0.03030828759074211]",2,-1.0,False,False
1771366916.4856007,5,79,4.876322984695435,"[-0.7543508410453796, 0.03308683633804321]",2,-1.0,False,False
1771366916.5457945,5,80,4.936516761779785,"[-0.7186682820320129, 0.03568252548575401]",2,-1.0,False,False
1771366916.6090903,5,81,4.999812602996826,"[-0.680604875087738, 0.03806345909833908]",2,-1.0,False,False
1771366916.6700754,5,82,5.060797691345215,"[-0.6404069066047668, 0.0401979424059391]",2,-1.0,False,False
1771366916.7286644,5,83,5.119386672973633,"[-0.5983507037162781, 0.04205618426203728]",2,-1.0,False,False
1771366916.792348,5,84,5.183070182800293,"[-0.5547385811805725, 0.04361213743686676]",2,-1.0,False,False
1771366916.8496466,5,85,5.240368843078613,"[-0.5098932385444641, 0.0448453463613987]",2,-1.0,False,False
1771366916.9213877,5,86,5.31210994720459,"[-0.46415066719055176, 0.04574258252978325]",2,-1.0,False,False
1771366916.9799528,5,87,5.370675086975098,"[-0.4178515672683716, 0.046299081295728683]",2,-1.0,False,False
1771366917.0464776,5,88,5.437199831008911,"[-0.3713323473930359, 0.046519216150045395]",2,-1.0,False,False
1771366917.1046119,5,89,5.495334148406982,"[-0.3249158263206482, 0.046416521072387695]",2,-1.0,False,False
1771366917.1724944,5,90,5.563216686248779,"[-0.2789027690887451, 0.04601307958364487]",2,-1.0,False,False
1771366917.2349303,5,91,5.625652551651001,"[-0.23356445133686066, 0.04533830285072327]",2,-1.0,False,False
1771366917.2967825,5,92,5.687504768371582,"[-0.18913714587688446, 0.04442731291055679]",2,-1.0,False,False
1771366917.358362,5,93,5.749084234237671,"[-0.1458180695772171, 0.04331907629966736]",2,-1.0,False,False
1771366917.4160078,5,94,5.806730031967163,"[-0.10376357287168503, 0.042054492980241776]",2,-1.0,False,False
1771366917.484052,5,95,5.874774217605591,"[-0.06308892369270325, 0.04067464545369148]",2,-1.0,False,False
1771366917.5419645,5,96,5.932686805725098,"[-0.02386963739991188, 0.039219290018081665]",2,-1.0,False,False
1771366917.6070118,5,97,5.997734069824219,"[0.013856058940291405, 0.037725698202848434]",2,-1.0,False,False
1771366917.6655293,5,98,6.056251525878906,"[0.05008391663432121, 0.03622785583138466]",2,-1.0,False,False
1771366917.7246208,5,99,6.11534309387207,"[0.08483994007110596, 0.034756023436784744]",2,-1.0,False,False
1771366917.785204,5,100,6.175926208496094,"[0.11817649751901627, 0.03333656117320061]",2,-1.0,False,False
1771366917.8579204,5,101,6.248642683029175,"[0.1501685380935669, 0.03199203684926033]",2,-1.0,False,False
1771366917.9208333,5,102,6.311555624008179,"[0.18091000616550446, 0.03074146993458271]",2,-1.0,False,False
1771366917.9824257,5,103,6.373147964477539,"[0.210510715842247, 0.029600715264678]",2,-1.0,False,False
1771366918.0434754,5,104,6.434197664260864,"[0.2390936315059662, 0.028582904487848282]",2,-1.0,False,False
1771366918.104789,5,105,6.495511293411255,"[0.26679253578186035, 0.02769891545176506]",2,-1.0,False,False
1771366918.1652746,5,106,6.555996894836426,"[0.2937503755092621, 0.02695782668888569]",2,-1.0,False,False
1771366918.224508,5,107,6.615230321884155,"[0.3201177418231964, 0.02636736072599888]",2,-1.0,False,False
1771366918.2892778,5,108,6.680000066757202,"[0.34605202078819275, 0.025934282690286636]",2,-1.0,False,False
1771366918.3457623,5,109,6.736484527587891,"[0.37171676754951477, 0.025664759799838066]",2,-1.0,False,False
1771366918.4177952,5,110,6.8085174560546875,"[0.3972814381122589, 0.025564653798937798]",2,-1.0,False,False
1771366918.480546,5,111,6.871268272399902,"[0.42292121052742004, 0.025639785453677177]",2,-1.0,False,False
1771366918.5426288,5,112,6.933351039886475,"[0.44881734251976013, 0.025896131992340088]",2,-1.0,False,False
1771366918.6065419,5,113,6.99726414680481,"[0.4751572906970978, 0.02633996307849884]",2,-1.0,False,False
1771366918.6674147,5,114,7.058136940002441,"[0.5021352171897888, 0.02697793021798134]",2,-1.0,True,True
1771366918.7478945,6,1,0.05845499038696289,"[-0.5163160562515259, 0.0009525263449177146]",2,-1.0,False,False
1771366918.8072667,6,2,0.11782717704772949,"[-0.5154181122779846, 0.0008979102713055909]",1,-1.0,False,False
1771366918.8698223,6,3,0.18038272857666016,"[-0.514581561088562, 0.0008365616668015718]",1,-1.0,False,False
1771366918.929977,6,4,0.24053740501403809,"[-0.5138126611709595, 0.0007689409540034831]",1,-1.0,False,False
1771366918.9892943,6,5,0.29985475540161133,"[-0.5131170749664307, 0.0006955554708838463]",1,-1.0,False,False
1771366919.0555089,6,6,0.36606931686401367,"[-0.5125001072883606, 0.0006169557454995811]",1,-1.0,False,False
1771366919.118654,6,7,0.4292144775390625,"[-0.5119664072990417, 0.0005337312468327582]",1,-1.0,False,False
1771366919.1801574,6,8,0.49071788787841797,"[-0.5115199089050293, 0.00044650607742369175]",1,-1.0,False,False
1771366919.2434003,6,9,0.5539608001708984,"[-0.5111639499664307, 0.0003559342585504055]",1,-1.0,False,False
1771366919.3057275,6,10,0.6162879467010498,"[-0.5109012722969055, 0.0002626947534736246]",1,-1.0,False,False
1771366919.3694963,6,11,0.6800568103790283,"[-0.5107337832450867, 0.00016748641792219132]",1,-1.0,False,False
1771366919.431769,6,12,0.7423293590545654,"[-0.5106627345085144, 7.102285599103197e-05]",1,-1.0,False,False
1771366919.491859,6,13,0.8024194240570068,"[-0.5106887221336365, -2.5972974981414154e-05]",1,-1.0,False,False
1771366919.553785,6,14,0.8643455505371094,"[-0.5108115077018738, -0.00012277415953576565]",1,-1.0,False,False
1771366919.6154642,6,15,0.9260246753692627,"[-0.5110301375389099, -0.00021865521557629108]",1,-1.0,False,False
1771366919.6790912,6,16,0.9896516799926758,"[-0.5113430619239807, -0.00031289755133911967]",1,-1.0,False,False
1771366919.7417207,6,17,1.052281141281128,"[-0.5117478370666504, -0.00040479475865140557]",1,-1.0,False,False
1771366919.8049235,6,18,1.1154839992523193,"[-0.5122414827346802, -0.0004936580080538988]",1,-1.0,False,False
1771366919.865494,6,19,1.1760544776916504,"[-0.512820303440094, -0.0005788210546597838]",1,-1.0,False,False
1771366919.9270923,6,20,1.2376527786254883,"[-0.5134799480438232, -0.0006596453604288399]",1,-1.0,False,False
1771366919.9871945,6,21,1.2977550029754639,"[-0.5142154693603516, -0.0007355247507803142]",1,-1.0,False,False
1771366920.053819,6,22,1.3643794059753418,"[-0.5150213837623596, -0.0008058900712057948]",1,-1.0,False,False
1771366920.116804,6,23,1.4273643493652344,"[-0.578711986541748, 0.0004145347629673779]",1,-1.0,False,False
1771367593.5788836,1,1,1.4235835075378418,"[-0.5668352842330933, 0.00032578801619820297]",1,-1.0,False,False
1771367593.9441285,2,1,0.27396631240844727,"[-0.4608624279499054, -0.0004712209920398891]",1,-1.0,False,False
1771367594.0023668,2,2,0.33220458030700684,"[-0.4618013799190521, -0.0009389707120135427]",1,-1.0,False,False
1771367594.0625436,2,3,0.3923814296722412,"[-0.4632011950016022, -0.0013998006470501423]",1,-1.0,False,False
1771367594.1282141,2,4,0.4580519199371338,"[-0.4650515019893646, -0.0018503080355003476]",1,-1.0,False,False
1771367594.1874683,2,5,0.5173060894012451,"[-0.4673386514186859, -0.002287158276885748]",1,-1.0,False,False
1771367594.2537808,2,6,0.5836186408996582,"[-0.4700457751750946, -0.002707108622416854]",1,-1.0,False,False
1771367594.312822,2,7,0.6426599025726318,"[-0.4731527864933014, -0.0031070306431502104]",1,-1.0,False,False
1771367594.3766446,2,8,0.7064824104309082,"[-0.47663673758506775, -0.0034839329309761524]",1,-1.0,False,False
1771367594.445893,2,9,0.7757308483123779,"[-0.47947171330451965, -0.0028349843341857195]",2,-1.0,False,False
1771367594.5086975,2,10,0.8385353088378906,"[-0.4816366732120514, -0.0021649713162332773]",2,-1.0,False,False
1771367594.5757291,2,11,0.905566930770874,"[-0.483115553855896, -0.0014788565458729863]",2,-1.0,False,False
1771367594.6428022,2,12,0.9726400375366211,"[-0.48389726877212524, -0.0007817349396646023]",2,-1.0,False,False
1771367594.7091386,2,13,1.0389764308929443,"[-0.4839760661125183, -7.879265467636287e-05]",2,-1.0,False,False
1771367594.7707124,2,14,1.1005501747131348,"[-0.48335132002830505, 0.0006247363635338843]",2,-1.0,False,False
1771367594.8324585,2,15,1.1622962951660156,"[-0.48202770948410034, 0.0013236134545877576]",2,-1.0,False,False
1771367594.8947318,2,16,1.22456955909729,"[-0.4800150692462921, 0.0020126381423324347]",2,-1.0,False,False
1771367594.9576862,2,17,1.2875239849090576,"[-0.4773283898830414, 0.002686691004782915]",2,-1.0,False,False
1771367595.0189526,2,18,1.3487904071807861,"[-0.4739876091480255, 0.0033407765440642834]",2,-1.0,False,False
1771367595.0817647,2,19,1.41160249710083,"[-0.47001755237579346, 0.003970065154135227]",2,-1.0,False,False
1771367595.1437354,2,20,1.4735732078552246,"[-0.4654476046562195, 0.004569934215396643]",2,-1.0,False,False
1771367595.2042882,2,21,1.5341260433197021,"[-0.4603115916252136, 0.005136009305715561]",2,-1.0,False,False
1771367595.2677283,2,22,1.5975661277770996,"[-0.45464739203453064, 0.00566420191898942]",2,-1.0,False,False
1771367595.3267725,2,23,1.6566102504730225,"[-0.450496643781662, 0.00415074685588479]",0,-1.0,False,False
1771367595.3926766,2,24,1.7225143909454346,"[-0.4478898048400879, 0.0026068652514368296]",0,-1.0,False,False
1771367595.4567757,2,25,1.7866134643554688,"[-0.4468458890914917, 0.0010439171455800533]",0,-1.0,False,False
1771367595.5177822,2,26,1.8476200103759766,"[-0.44737252593040466, -0.0005266563384793699]",0,-1.0,False,False
1771367595.5803897,2,27,1.9102275371551514,"[-0.44946590065956116, -0.002093383576720953]",0,-1.0,False,False
1771367595.640457,2,28,1.970294713973999,"[-0.4531107246875763, -0.0036448079627007246]",0,-1.0,False,False
1771367595.7039928,2,29,2.0338306427001953,"[-0.4582802653312683, -0.005169536918401718]",0,-1.0,False,False
1771367595.7678123,2,30,2.0976500511169434,"[-0.4649365544319153, -0.00665629655122757]",0,-1.0,False,False
1771367595.8291242,2,31,2.1589620113372803,"[-0.47303053736686707, -0.008093995973467827]",0,-1.0,False,False
1771367595.8904123,2,32,2.220250129699707,"[-0.48250237107276917, -0.009471804834902287]",0,-1.0,False,False
1771367595.9526062,2,33,2.2824440002441406,"[-0.49328160285949707, -0.010779247619211674]",0,-1.0,False,False
1771367596.0150776,2,34,2.3449153900146484,"[-0.5052879452705383, -0.012006312608718872]",0,-1.0,False,False
1771367596.0788305,2,35,2.408668279647827,"[-0.5184314846992493, -0.013143574818968773]",0,-1.0,False,False
1771367596.139166,2,36,2.467993974685669,"[-0.5326138138771057, -0.01418232824653387]",0,-1.0,False,False
1771367596.2055876,2,37,2.5354254245758057,"[-0.5477285385131836, -0.015114723704755306]",0,-1.0,False,False
1771367596.2637002,2,38,2.5935380458831787,"[-0.5636624693870544, -0.01593390852212906]",0,-1.0,False,False
1771367596.3317454,2,39,2.661583185195923,"[-0.5802966356277466, -0.016634153202176094]",0,-1.0,False,False
1771367596.392341,2,40,2.7221786975860596,"[-0.5975075960159302, -0.01721096783876419]",0,-1.0,False,False
1771367596.4547305,2,41,2.7845683097839355,"[-0.6151687502861023, -0.017661182209849358]",0,-1.0,False,False
1771367596.5170805,2,42,2.8469183444976807,"[-0.6331517696380615, -0.01798301376402378]",0,-1.0,False,False
1771367596.5790317,2,43,2.908869504928589,"[-0.6513278484344482, -0.01817607693374157]",0,-1.0,False,False
1771367596.6389923,2,44,2.968830108642578,"[-0.6695692539215088, -0.018241381272673607]",0,-1.0,False,False
1771367596.697685,2,45,3.0275228023529053,"[-0.6877504587173462, -0.01818125881254673]",0,-1.0,False,False
1771367596.770078,2,46,3.0999157428741455,"[-0.7057497501373291, -0.017999282106757164]",0,-1.0,False,False
1771367596.8268113,2,47,3.156649112701416,"[-0.7234498858451843, -0.017700131982564926]",0,-1.0,False,False
1771367596.895712,2,48,3.2255496978759766,"[-0.7407393455505371, -0.017289448529481888]",0,-1.0,False,False
1771367596.9552076,2,49,3.2850453853607178,"[-0.7575129866600037, -0.016773654147982597]",0,-1.0,False,False
1771367597.0198019,2,50,3.349639654159546,"[-0.7736727595329285, -0.0161597803235054]",0,-1.0,False,False
1771367597.0828001,2,51,3.412637948989868,"[-0.7891280651092529, -0.015455277636647224]",0,-1.0,False,False
1771367597.144737,2,52,3.4745748043060303,"[-0.8037958741188049, -0.014667840674519539]",0,-1.0,False,False
1771367597.2045388,2,53,3.534376621246338,"[-0.8176011443138123, -0.013805245980620384]",0,-1.0,False,False
1771367597.2690117,2,54,3.5988495349884033,"[-0.8304763436317444, -0.012875205837190151]",0,-1.0,False,False
1771367597.3302774,2,55,3.6601152420043945,"[-0.8423616290092468, -0.011885243467986584]",0,-1.0,False,False
1771367597.3899064,2,56,3.7197442054748535,"[-0.8532041907310486, -0.010842600837349892]",0,-1.0,False,False
1771367597.4542458,2,57,3.784083604812622,"[-0.8629583716392517, -0.009754160419106483]",0,-1.0,False,False
1771367597.5162816,2,58,3.8461194038391113,"[-0.8715847730636597, -0.008626408874988556]",0,-1.0,False,False
1771367597.5779223,2,59,3.9077601432800293,"[-0.8790501952171326, -0.007465405855327845]",0,-1.0,False,False
1771367597.6372962,2,60,3.9671339988708496,"[-0.8853269815444946, -0.006276795174926519]",0,-1.0,False,False
1771367597.7039342,2,61,4.033771991729736,"[-0.8903927803039551, -0.00506582111120224]",0,-1.0,False,False
1771367597.766925,2,62,4.0967628955841064,"[-0.8922301530838013, -0.001837369753047824]",2,-1.0,False,False
1771367597.828003,2,63,4.157840728759766,"[-0.8908328413963318, 0.001397293759509921]",2,-1.0,False,False
1771367597.890318,2,64,4.220155715942383,"[-0.8862056136131287, 0.004627239424735308]",2,-1.0,False,False
1771367597.9534295,2,65,4.283267259597778,"[-0.8783643245697021, 0.007841281592845917]",2,-1.0,False,False
1771367598.015965,2,66,4.3458027839660645,"[-0.8673369288444519, 0.011027401313185692]",2,-1.0,False,False
1771367598.0779846,2,67,4.407822370529175,"[-0.8531647324562073, 0.014172210358083248]",2,-1.0,False,False
1771367598.1370158,2,68,4.466853618621826,"[-0.8359042406082153, 0.017260488122701645]",2,-1.0,False,False
1771367598.2022877,2,69,4.532125473022461,"[-0.8156294226646423, 0.020274827256798744]",2,-1.0,False,False
1771367598.2677171,2,70,4.597554922103882,"[-0.7924339771270752, 0.023195434361696243]",2,-1.0,False,False
1771367598.3363721,2,71,4.666209936141968,"[-0.7664338946342468, 0.026000117883086205]",2,-1.0,False,False
1771367598.3937976,2,72,4.72363543510437,"[-0.737769365310669, 0.02866450510919094]",2,-1.0,False,False
1771367598.4507148,2,73,4.780552625656128,"[-0.7066068649291992, 0.031162526458501816]",2,-1.0,False,False
1771367598.514127,2,74,4.8439648151397705,"[-0.6731396913528442, 0.033467162400484085]",2,-1.0,False,False
1771367598.5769706,2,75,4.906808376312256,"[-0.6375882029533386, 0.03555147722363472]",2,-1.0,False,False
1771367598.6395593,2,76,4.969397068023682,"[-0.6001983880996704, 0.03738982975482941]",2,-1.0,False,False
1771367598.698406,2,77,5.028243780136108,"[-0.5612390637397766, 0.038959283381700516]",2,-1.0,False,False
1771367598.7658887,2,78,5.095726490020752,"[-0.5209981203079224, 0.04024098813533783]",2,-1.0,False,False
1771367598.8279023,2,79,5.157740116119385,"[-0.47977662086486816, 0.04122148081660271]",2,-1.0,False,False
1771367598.8884678,2,80,5.218305587768555,"[-0.43788284063339233, 0.04189376160502434]",2,-1.0,False,False
1771367598.949668,2,81,5.279505729675293,"[-0.39562490582466125, 0.04225795343518257]",2,-1.0,False,False
1771367599.0137608,2,82,5.3435986042022705,"[-0.35330334305763245, 0.04232155531644821]",2,-1.0,False,False
1771367599.0939417,2,83,5.423779487609863,"[-0.3112041652202606, 0.042099177837371826]",2,-1.0,False,False
1771367599.1677785,2,84,5.497616291046143,"[-0.2695923149585724, 0.041611842811107635]",2,-1.0,False,False
1771367599.227074,2,85,5.5569117069244385,"[-0.22870643436908722, 0.04088588431477547]",2,-1.0,False,False
1771367599.2967827,2,86,5.626620531082153,"[-0.1887548267841339, 0.03995160758495331]",2,-1.0,False,False
1771367599.3590832,2,87,5.688920974731445,"[-0.1499129980802536, 0.03884183242917061]",2,-1.0,False,False
1771367599.4226258,2,88,5.7524635791778564,"[-0.11232256889343262, 0.037590429186820984]",2,-1.0,False,False
1771367599.4842184,2,89,5.814056158065796,"[-0.07609154284000397, 0.03623102605342865]",2,-1.0,False,False
1771367599.5472083,2,90,5.87704610824585,"[-0.04129565879702568, 0.03479588031768799]",2,-1.0,False,False
1771367599.6082997,2,91,5.938137531280518,"[-0.007980619557201862, 0.03331504017114639]",2,-1.0,False,False
1771367599.6677005,2,92,5.997538328170776,"[0.023835137486457825, 0.03181575611233711]",2,-1.0,False,False
1771367599.7247267,2,93,6.054564476013184,"[0.054157283157110214, 0.03032214567065239]",2,-1.0,False,False
1771367599.7992258,2,94,6.129063606262207,"[0.08301234990358353, 0.02885506860911846]",2,-1.0,False,False
1771367599.8592458,2,95,6.189083576202393,"[0.11044454574584961, 0.027432193979620934]",2,-1.0,False,False
1771367599.9221346,2,96,6.251972436904907,"[0.13651271164417267, 0.026068169623613358]",2,-1.0,False,False
1771367599.9841669,2,97,6.31400465965271,"[0.16128762066364288, 0.024774909019470215]",2,-1.0,False,False
1771367600.0594954,2,98,6.389333248138428,"[0.18484951555728912, 0.02356189675629139]",2,-1.0,False,False
1771367600.1200838,2,99,6.449921607971191,"[0.207286074757576, 0.02243655174970627]",2,-1.0,False,False
1771367600.1837294,2,100,6.513567209243774,"[0.22869062423706055, 0.021404558792710304]",2,-1.0,False,False
1771367600.2479324,2,101,6.577770233154297,"[0.24916084110736847, 0.020470207557082176]",2,-1.0,False,False
1771367600.3066413,2,102,6.636479139328003,"[0.26879754662513733, 0.019636699929833412]",2,-1.0,False,False
1771367600.368161,2,103,6.697998762130737,"[0.2877039611339569, 0.018906433135271072]",2,-1.0,False,False
1771367600.4328105,2,104,6.762648344039917,"[0.3059852123260498, 0.0182812437415123]",2,-1.0,False,False
1771367600.491039,2,105,6.820876836776733,"[0.323747843503952, 0.01776263117790222]",2,-1.0,False,False
1771367600.555781,2,106,6.885618686676025,"[0.3410997986793518, 0.017351947724819183]",2,-1.0,False,False
1771367600.6160982,2,107,6.945935964584351,"[0.3581503629684448, 0.017050568014383316]",2,-1.0,False,False
1771367600.6793523,2,108,7.009190082550049,"[0.3750104010105133, 0.016860030591487885]",2,-1.0,False,False
1771367600.741062,2,109,7.070899724960327,"[0.39179256558418274, 0.016782158985733986]",2,-1.0,False,False
1771367600.8015568,2,110,7.131394624710083,"[0.4086117148399353, 0.016819173470139503]",2,-1.0,False,False
1771367600.864208,2,111,7.194045782089233,"[0.4255855083465576, 0.016973773017525673]",2,-1.0,False,False
1771367600.9237685,2,112,7.25360631942749,"[0.4428347051143646, 0.017249220982193947]",2,-1.0,False,False
1771367600.9905725,2,113,7.320410251617432,"[0.460484117269516, 0.017649399116635323]",2,-1.0,False,False
1771367601.0493004,2,114,7.379138231277466,"[0.47866296768188477, 0.01817886158823967]",2,-1.0,False,False
1771367601.1161337,2,115,7.445971488952637,"[0.4975058436393738, 0.01884286291897297]",2,-1.0,False,False
1771367601.178952,2,116,7.508789777755737,"[0.5161532163619995, 0.018647367134690285]",1,-1.0,True,True
1771367601.2642179,3,1,0.06122851371765137,"[-0.5897129774093628, 0.0004962603561580181]",1,-1.0,False,False
1771367601.3249397,3,2,0.12195038795471191,"[-0.5887241363525391, 0.00098887225612998]",1,-1.0,False,False
1771367601.3968117,3,3,0.19382238388061523,"[-0.5872499346733093, 0.0014742109924554825]",1,-1.0,False,False
1771367601.4624004,3,4,0.259411096572876,"[-0.5853012204170227, 0.0019486986566334963]",1,-1.0,False,False
1771367601.5230389,3,5,0.320049524307251,"[-0.5828924179077148, 0.002408828819170594]",1,-1.0,False,False
1771367601.5860913,3,6,0.3831019401550293,"[-0.580041229724884, 0.002851189346984029]",1,-1.0,False,False
1771367601.6482143,3,7,0.4452250003814697,"[-0.576768696308136, 0.003272487549111247]",1,-1.0,False,False
1771367601.7124493,3,8,0.5094599723815918,"[-0.5730991363525391, 0.003669573226943612]",1,-1.0,False,False
1771367601.787343,3,9,0.5843536853790283,"[-0.5690596699714661, 0.004039463121443987]",1,-1.0,False,False
1771367601.8502934,3,10,0.6473040580749512,"[-0.5646803379058838, 0.004379363730549812]",1,-1.0,False,False
1771367601.9255629,3,11,0.7225735187530518,"[-0.5599936246871948, 0.0046866959892213345]",1,-1.0,False,False
1771367601.9880698,3,12,0.7850804328918457,"[-0.5550345182418823, 0.004959115292876959]",1,-1.0,False,False
1771367602.0502534,3,13,0.8472640514373779,"[-0.549839973449707, 0.005194534081965685]",1,-1.0,False,False
1771367602.132874,3,14,0.929884672164917,"[-0.5444488525390625, 0.0053911395370960236]",1,-1.0,False,False
1771367602.200105,3,15,0.9971156120300293,"[-0.5389013886451721, 0.005547413136810064]",1,-1.0,False,False
